Timestamp,User,IP,Message
2025-05-06 07:43:06,dave,172.16.0.2,Invalid password
2025-05-03 13:56:04,dave,192.168.1.10,Invalid password
2025-05-02 13:10:09,eve,192.168.2.15,Invalid password
2025-05-07 06:31:35,eve,172.16.0.2,Invalid password
2025-05-01 11:31:54,eve,10.0.0.5,Invalid password
2025-05-04 17:59:26,eve,192.168.1.10,Invalid password
2025-05-03 07:15:20,dave,172.16.0.2,Invalid password
2025-05-01 08:25:22,eve,172.16.0.2,Invalid password
2025-05-03 20:10:44,charlie,10.0.0.5,Invalid password
2025-05-04 23:15:49,bob,192.168.2.15,Invalid password
2025-05-05 02:15:12,dave,10.0.0.5,Invalid password
2025-05-06 07:01:23,alice,172.16.0.2,Invalid password
2025-05-01 13:40:19,bob,10.0.0.5,Invalid password
2025-05-02 06:19:42,dave,10.0.0.5,Invalid password
2025-05-02 11:10:44,eve,192.168.2.15,Invalid password
2025-05-03 06:25:30,bob,10.0.0.5,Invalid password
2025-05-05 05:31:24,dave,10.0.0.5,Invalid password
2025-05-05 07:06:34,charlie,192.168.2.15,Invalid password
2025-05-03 09:31:47,charlie,10.0.0.5,Invalid password
2025-05-05 07:32:58,alice,192.168.1.10,Invalid password
2025-05-05 05:07:15,bob,192.168.2.15,Invalid password
2025-05-05 09:48:31,dave,172.16.0.2,Invalid password
2025-05-02 20:02:41,dave,192.168.2.15,Invalid password
2025-05-04 00:56:20,charlie,10.0.0.5,Invalid password
2025-05-04 17:46:59,bob,172.16.0.2,Invalid password
2025-05-05 21:44:00,alice,192.168.2.15,Invalid password
2025-05-05 19:10:03,alice,10.0.0.5,Invalid password
2025-05-02 20:39:40,bob,172.16.0.2,Invalid password
2025-05-06 01:02:32,alice,172.16.0.2,Invalid password
2025-05-04 08:11:15,bob,192.168.1.10,Invalid password
2025-05-05 06:59:17,eve,192.168.1.10,Invalid password
2025-05-06 16:14:25,dave,192.168.1.10,Invalid password
2025-05-06 02:24:31,charlie,172.16.0.2,Invalid password
2025-05-07 12:34:56,dave,10.0.0.5,Invalid password
2025-05-02 16:19:57,eve,10.0.0.5,Invalid password
2025-05-01 23:00:22,alice,192.168.1.10,Invalid password
2025-05-02 14:05:10,bob,172.16.0.2,Invalid password
2025-05-02 12:03:10,bob,10.0.0.5,Invalid password
2025-05-05 08:22:13,eve,10.0.0.5,Invalid password
2025-05-06 21:32:50,bob,192.168.1.10,Invalid password
2025-05-02 09:19:42,eve,10.0.0.5,Invalid password
2025-05-05 23:59:01,alice,172.16.0.2,Invalid password
2025-05-01 23:15:45,charlie,192.168.2.15,Invalid password
2025-05-05 20:31:54,dave,192.168.2.15,Invalid password
2025-05-07 15:05:31,bob,192.168.1.10,Invalid password
2025-05-05 14:07:22,alice,10.0.0.5,Invalid password
2025-05-04 15:55:01,eve,192.168.2.15,Invalid password
2025-05-07 14:10:01,alice,192.168.1.10,Invalid password
2025-05-02 03:10:31,bob,10.0.0.5,Invalid password
2025-05-02 05:32:40,bob,192.168.2.15,Invalid password
2025-05-03 10:55:03,alice,10.0.0.5,Invalid password
